{"sections":{"main-collection":{"type":"main-collection","blocks":{"advertisement_AnJk8r":{"type":"advertisement","disabled":true,"settings":{"link":""}},"subcategory_efcMPC":{"type":"subcategory","disabled":true,"settings":{"collection":"","heading":"Collection title"}},"subcategory_EmWn3D":{"type":"subcategory","disabled":true,"settings":{"collection":"","heading":"Collection title"}},"subcategory_fEDPjP":{"type":"subcategory","disabled":true,"settings":{"collection":"","heading":"Collection title"}}},"block_order":["advertisement_AnJk8r","subcategory_efcMPC","subcategory_EmWn3D","subcategory_fEDPjP"],"settings":{"color_scheme":"background-1","banner_height":"small","alignment":"center","show_background_image":false,"background_image_alpha":80,"heading_size":"medium","heading_uppercase":false,"heading_decorative":false,"show_collection_description":false,"show_countdown":false,"end_time":"2024-12-01 15:23","end_text":"Timer complete message","hide_when_end":false,"simple_style":false,"timer_background_color":"#ffffff","timer_foreground_color":"#000000","pagination_style":"paginator","products_per_page":30,"card_size":"small","image_ratio":"portrait","show_content_wrapper":false,"card_color_scheme":"","text_alignment":"left","enable_sorting":true,"enable_filtering":true,"filter_type":"horizontal","vertical_side":"left","default_expand_facets":"all","enable_sticky_filter":false}},"search_banner_MA6zGB":{"type":"search-banner","disabled":true,"settings":{"enable_full_width":false,"color_scheme":"background-2","texture_alpha":90,"heading":"Didn't find the product you were looking for?","margin_top":0,"margin_bottom":80}},"collection_thumbnails_UAB3TW":{"type":"collection-thumbnails","blocks":{"collection_xVNfC7":{"type":"collection","settings":{"collection":"","heading":"Collection title"}},"collection_FwJqae":{"type":"collection","settings":{"collection":"","heading":"Collection title"}},"collection_hk4RwT":{"type":"collection","settings":{"collection":"","heading":"Collection title"}},"collection_8Az7eb":{"type":"collection","settings":{"collection":"","heading":"Collection title"}},"collection_78qcVc":{"type":"collection","settings":{"collection":"","heading":"Collection title"}}},"block_order":["collection_xVNfC7","collection_FwJqae","collection_hk4RwT","collection_8Az7eb","collection_78qcVc"],"disabled":true,"settings":{"show_section_header":true,"heading":"Featured Categories","description":"","water_text":"","button_label":"","button_link":"","style":"vertical","adapt_transparent_image":true,"show_nav_buttons":false,"margin_top":0,"margin_bottom":80}},"featured_collection_xwx7rh":{"type":"featured-collection","name":"t:sections.featured-collection.presets.name","settings":{"show_collection_image":true,"collection_image_color_scheme":"","collection_image_position":"left","feature_image":"shopify:\/\/shop_images\/BRAIN3DlaserONLY.png","collection_image_opacity":90,"collection_title":"Brain3D Laser Accessories","collection_title_size":"medium","collection_title_decorative":false,"collection":"laser-accessories-brain3d","products_to_show":10,"enable_desktop_slider":true,"show_nav_buttons":true,"show_dots":false,"card_size":"small","image_ratio":"square","show_content_wrapper":false,"color_scheme":"","text_alignment":"center","enable_mobile_slider":true,"margin_top":0,"margin_bottom":80}},"collection_list_ELdXkk":{"type":"collection-list","blocks":{"featured_collection_b4FTir":{"type":"featured_collection","settings":{"collection":"laser-accessories-brain3d","image":"shopify:\/\/shop_images\/BRAIN3DlaserONLY.png","heading":""}}},"block_order":["featured_collection_b4FTir"],"name":"t:sections.collection-list.presets.name","settings":{"show_section_header":true,"heading":"Featured Collection List","description":"","water_text":"","button_label":"View all","button_link":"shopify:\/\/collections","enable_desktop_slider":true,"enable_slider_overlay":true,"auto_rotate":true,"change_slides_speed":5,"show_nav_buttons":true,"show_page_dots":false,"color_scheme":"","card_size":"medium","image_ratio":"portrait","show_count":true,"background_alpha":60,"enable_background_blur":true,"content_alignment":"center","enable_mobile_slider":true,"margin_top":0,"margin_bottom":80}}},"order":["main-collection","search_banner_MA6zGB","collection_thumbnails_UAB3TW","featured_collection_xwx7rh","collection_list_ELdXkk"]}