{"sections":{"carousal_WpGAKi":{"type":"carousal","blocks":{"slide_FCaxRh":{"type":"slide","disabled":true,"settings":{"image":"shopify:\/\/shop_images\/single_Hub.png","image_overlay_opacity":0,"color_scheme":"","desktop_content_position":"middle-center","content_width":"normal","desktop_content_alignment":"center","caption":"","heading":"","heading_size":"large","heading_decorative":false,"text":"","button_label":"","button_link":"","button_style":"primary","button_arrow":false,"mobile_content_position":"middle-center","mobile_content_alignment":"center"}}},"block_order":["slide_FCaxRh"],"settings":{"enable_full_width":false,"slide_height":"medium","enable_adapter_transparent_header":true,"auto_rotate":true,"change_slides_speed":10,"show_nav_buttons":true,"show_page_dots":true,"controller_color":"#ff0000","margin_top":32,"margin_bottom":80,"if_as_main_area":true}},"featured_collection_AEJXwA":{"type":"featured-collection","custom_css":[".card {border-radius: 14px;}",".card__media {background: rgba(255, 255, 255, 0.03);}"],"settings":{"show_collection_image":false,"collection_image_color_scheme":"","collection_image_position":"left","collection_image_opacity":90,"collection_title":"Featured Collection","collection_title_size":"medium","collection_title_decorative":false,"collection_description":"Featured Collection","collection":"rotary-jigs","products_to_show":6,"enable_desktop_slider":false,"show_nav_buttons":false,"show_dots":false,"card_size":"small","image_ratio":"square","show_content_wrapper":false,"color_scheme":"","text_alignment":"center","enable_mobile_slider":false,"margin_top":0,"margin_bottom":0}},"collection_list_nG7eMw":{"type":"collection-list","blocks":{"featured_collection_Pbz7px":{"type":"featured_collection","settings":{"collection":"","heading":""}},"featured_collection_8B7dL8":{"type":"featured_collection","settings":{"collection":"","heading":""}},"featured_collection_xiPagM":{"type":"featured_collection","settings":{"collection":"","heading":""}},"featured_collection_eRVxDt":{"type":"featured_collection","settings":{"collection":"","heading":""}},"featured_collection_jctajV":{"type":"featured_collection","settings":{"collection":"","heading":""}}},"block_order":["featured_collection_Pbz7px","featured_collection_8B7dL8","featured_collection_xiPagM","featured_collection_eRVxDt","featured_collection_jctajV"],"disabled":true,"custom_css":[],"name":"t:sections.collection-list.presets.name","settings":{"show_section_header":true,"heading":"Shop by Category","description":"<p>Rotary-ready jigs, hubs, and add-ons built for repeatable results.<\/p>","water_text":"","button_label":"View all","button_link":"shopify:\/\/collections","enable_desktop_slider":false,"enable_slider_overlay":false,"auto_rotate":false,"change_slides_speed":5,"show_nav_buttons":false,"show_page_dots":false,"color_scheme":"","card_size":"small","image_ratio":"square","show_count":false,"background_alpha":60,"enable_background_blur":false,"content_alignment":"center","enable_mobile_slider":true,"margin_top":0,"margin_bottom":80}},"17704940127bc3fc07":{"type":"apps","blocks":{"etsy_reviews_importer_etsy_carousel_fLa8Aj":{"type":"shopify:\/\/apps\/etsy-reviews-importer\/blocks\/etsy-carousel\/3097aa22-461b-43b8-a321-7f2066009684","settings":{"auto_scroll":true,"auto_scroll_interval":3,"rating":true,"business_info":true,"review_photo":true,"review_card_shadow":false,"corner_radius":20,"star_color":"#f6ab00","review_card_background":"#f3f6f9","content_color":"#000000","name_color":"#000000","date_color":"#7a7a7a","more_color":"#1a73e8","business_info_color":"#000000"}}},"block_order":["etsy_reviews_importer_etsy_carousel_fLa8Aj"],"settings":{"include_margins":true,"padding_top":36,"padding_bottom":36,"margin_top":0,"margin_bottom":80}},"text_with_icons_jUNB3b":{"type":"text-with-icons","blocks":{"icon_text_8L49dH":{"type":"icon_text","settings":{"icon":"truck","heading":"Free Shipping","description":"<p>Add description here<\/p>"}},"icon_text_MiPPTj":{"type":"icon_text","settings":{"icon":"card","heading":"Secure payment","description":"<p>Add description here<\/p>"}},"icon_text_ABMHKH":{"type":"icon_text","settings":{"icon":"chat","heading":"Contact our experts","description":"<p>Add description here<\/p>"}},"icon_text_NhfYJJ":{"type":"icon_text","settings":{"icon":"return","heading":"Free Returns","description":"<p>Add description here<\/p>"}},"icon_text_Hjwm7f":{"type":"icon_text","settings":{"icon":"24h","heading":"Trusted Service","description":"<p>Add description here<\/p>"}}},"block_order":["icon_text_8L49dH","icon_text_MiPPTj","icon_text_ABMHKH","icon_text_NhfYJJ","icon_text_Hjwm7f"],"disabled":true,"settings":{"show_section_header":false,"heading":"Text with icons","description":"","color_scheme":"accent-1","columns_on_desktop":5,"item_alignment":"center","icon_size":"small","enable_mobile_slider":false,"columns_on_mobile":"1","hide_description":false,"padding_top":16,"padding_bottom":16,"margin_top":0,"margin_bottom":0}},"177091516124fe7e2f":{"type":"_blocks","blocks":{"ai_gen_block_f0b4f1f_PzHNeX":{"type":"ai_gen_block_f0b4f1f","disabled":true,"settings":{"tab_1_enabled":true,"tab_1_title":"Description","tab_1_content":"<p>Add your product description here. Include details about materials, features, and benefits.<\/p>","tab_2_enabled":true,"tab_2_title":"Comparable products","tab_2_content":"<p>List comparable engravable products or alternatives here.<\/p>","tab_3_enabled":true,"tab_3_title":"Sizing information","tab_3_content":"<p>Add sizing charts, measurements, or fit information here.<\/p>","tab_4_enabled":false,"tab_4_title":"Shipping & returns","tab_4_content":"","tab_5_enabled":false,"tab_5_title":"Care instructions","tab_5_content":"","desktop_width_percent":100,"padding":30,"border_radius":8,"tab_spacing":15,"content_spacing":25,"tab_font":"inter_n4","tab_font_size":16,"tab_padding":15,"tab_uppercase":false,"active_indicator_height":2,"content_font_size":15,"content_line_height":1.6,"background_color":"#ffffff","tab_text_color":"#666666","tab_hover_color":"#333333","tab_active_color":"#000000","content_text_color":"#333333","border_color":"#e0e0e0","border_width":1,"table_header_bg":"#f5f5f5"},"blocks":{}}},"block_order":["ai_gen_block_f0b4f1f_PzHNeX"],"settings":{"enable_full_width":true,"padding_top":40,"padding_bottom":52,"margin_top":0,"margin_bottom":88}},"177091561289a6361a":{"type":"_blocks","blocks":{"ai_gen_block_6103ab7_WQ9XKE":{"type":"ai_gen_block_6103ab7","disabled":true,"settings":{"overlay_color":"#000000","overlay_opacity":30,"heading":"Welcome to LT316","heading_size":64,"subheading":"Discover our latest collection","subheading_size":20,"text_alignment":"center","text_color":"#ffffff","content_max_width":800,"button_text":"Shop now","button_link":"","button_font_size":16,"button_border_radius":4,"button_background_color":"#b500b5","button_text_color":"#ffffff","button_hover_background_color":"#a629af","button_hover_text_color":"#ffffff","section_height_desktop":600,"section_height_mobile":400},"blocks":{}}},"block_order":["ai_gen_block_6103ab7_WQ9XKE"],"settings":{"enable_full_width":true,"padding_top":40,"padding_bottom":52,"margin_top":0,"margin_bottom":88}},"17709243400be70e24":{"type":"_blocks","settings":{"enable_full_width":true,"padding_top":40,"padding_bottom":52,"margin_top":0,"margin_bottom":88}}},"order":["carousal_WpGAKi","featured_collection_AEJXwA","collection_list_nG7eMw","17704940127bc3fc07","text_with_icons_jUNB3b","177091516124fe7e2f","177091561289a6361a","17709243400be70e24"]}