{"sections":{"breadcrumb":{"type":"breadcrumb","disabled":true,"settings":{"color_scheme":"","alignment":"left","padding_top":16,"padding_bottom":16,"margin_top":0,"margin_bottom":0}},"main":{"type":"main-page","disabled":true,"settings":{"color_scheme":"","texture_alpha":90,"texture_fixed":false,"content_width":"normal","alignment":"center","heading_size":"medium","heading_decorative":false,"limit_description_height":false,"alignment_mobile":"center","padding_top":48,"padding_bottom":48,"margin_top":0,"margin_bottom":80}},"collection_list_ApiJ6U":{"type":"collection-list","blocks":{"featured_collection_t6Vw3V":{"type":"featured_collection","settings":{"collection":"rotary-jigs","heading":"Collection – Rotary Laser Engraving Jigs"}},"featured_collection_PjyGFX":{"type":"featured_collection","settings":{"collection":"laser-accessories-brain3d","heading":"Collection – Laser Accessories (Brain3D)"}}},"block_order":["featured_collection_t6Vw3V","featured_collection_PjyGFX"],"name":"t:sections.collection-list.presets.name","settings":{"show_section_header":false,"heading":"Laser Jigs & Accessories","description":"<p>Precision-built laser jigs and accessories designed to speed up batching, improve alignment, and deliver repeatable results on fiber and rotary systems.<\/p>","water_text":"","button_label":"Shop Jigs","button_link":"shopify:\/\/collections\/rotary-jigs","enable_desktop_slider":false,"enable_slider_overlay":false,"auto_rotate":false,"change_slides_speed":5,"show_nav_buttons":false,"show_page_dots":false,"color_scheme":"background-2","card_size":"medium","image_ratio":"square","show_count":false,"background_alpha":0,"enable_background_blur":false,"content_alignment":"center","enable_mobile_slider":false,"margin_top":0,"margin_bottom":68}}},"order":["breadcrumb","main","collection_list_ApiJ6U"]}