{"sections":{"main":{"type":"main-page","disabled":true,"settings":{}},"rich_text_h9EnVJ":{"type":"rich-text","blocks":{"heading_4B3yYU":{"type":"heading","settings":{"heading":"Frequently Asked Questions","heading_size":"medium","heading_decorative":false}},"text_WmDyie":{"type":"text","settings":{"description":"<p>Your Questions Answered<\/p>"}}},"block_order":["heading_4B3yYU","text_WmDyie"],"settings":{"enable_full_width":true,"color_scheme":"background-2","texture_alpha":90,"texture_fixed":false,"padding_top":48,"padding_bottom":48,"margin_top":0,"margin_bottom":80}},"faq_AYYX6d":{"type":"faq","blocks":{"category_title_3VzM9t":{"type":"category_title","settings":{"heading":"Category title"}},"faq_item_RUr7PV":{"type":"faq_item","settings":{"question":"Enter your question here","answer":"<p>Enter the answer here<\/p>"}},"faq_item_yhTPXY":{"type":"faq_item","settings":{"question":"Enter your question here","answer":"<p>Enter the answer here<\/p>"}},"faq_item_mDiiX3":{"type":"faq_item","settings":{"question":"Enter your question here","answer":"<p>Enter the answer here<\/p>"}},"faq_item_LiFCbn":{"type":"faq_item","settings":{"question":"Enter your question here","answer":"<p>Enter the answer here<\/p>"}},"faq_item_RMiTCc":{"type":"faq_item","settings":{"question":"Enter your question here","answer":"<p>Enter the answer here<\/p>"}},"category_title_JPj4Tr":{"type":"category_title","settings":{"heading":"Category title"}},"faq_item_FAWDCy":{"type":"faq_item","settings":{"question":"Enter your question here","answer":"<p>Enter the answer here<\/p>"}},"faq_item_KyPWGk":{"type":"faq_item","settings":{"question":"Enter your question here","answer":"<p>Enter the answer here<\/p>"}},"faq_item_R4EjFR":{"type":"faq_item","settings":{"question":"Enter your question here","answer":"<p>Enter the answer here<\/p>"}}},"block_order":["category_title_3VzM9t","faq_item_RUr7PV","faq_item_yhTPXY","faq_item_mDiiX3","faq_item_LiFCbn","faq_item_RMiTCc","category_title_JPj4Tr","faq_item_FAWDCy","faq_item_KyPWGk","faq_item_R4EjFR"],"settings":{"color_scheme":"background-1","heading":"FAQs","description":"<p>Frequently Asked Questions<\/p>","button_icon":"chat","button_label":"Chat online","button_link":"","secondary_button_icon":"phone","secondary_button_label":"Call us","secondary_button_link":"","open_first":true,"show_order_number":true,"padding_top":48,"padding_bottom":48,"margin_top":0,"margin_bottom":80}},"collection_thumbnails_zVPXVM":{"type":"collection-thumbnails","blocks":{"collection_MDcWHc":{"type":"collection","settings":{"collection":"","heading":"Collection title"}},"collection_gR6qTP":{"type":"collection","settings":{"collection":"","heading":"Collection title"}},"collection_64UHkk":{"type":"collection","settings":{"collection":"","heading":"Collection title"}},"collection_iqU3mY":{"type":"collection","settings":{"collection":"","heading":"Collection title"}},"collection_kqEzC8":{"type":"collection","settings":{"collection":"","heading":"Collection title"}}},"block_order":["collection_MDcWHc","collection_gR6qTP","collection_64UHkk","collection_iqU3mY","collection_kqEzC8"],"settings":{"show_section_header":true,"heading":"Featured Categories","description":"","water_text":"","button_label":"","button_link":"","style":"vertical","adapt_transparent_image":true,"margin_top":0,"margin_bottom":80}},"breadcrumb":{"type":"breadcrumb","settings":{}}},"order":["breadcrumb","main","rich_text_h9EnVJ","faq_AYYX6d","collection_thumbnails_zVPXVM"]}