{"sections":{"main":{"type":"main-page","disabled":true,"settings":{}},"image_banner_4UXKGe":{"type":"image-banner","blocks":{"heading_mWYKNA":{"type":"heading","settings":{"heading":"<p>Image banner<\/p>","heading_size":"medium","heading_decorative":false}},"description_AG8fki":{"type":"description","settings":{"text":"<p>Placeholder description for image banner<\/p>"}}},"block_order":["heading_mWYKNA","description_AG8fki"],"settings":{"enable_full_width":true,"image_overlay_opacity":10,"image_height":"adapt","enable_adapter_transparent_header":false,"color_scheme":"","desktop_content_position":"middle-center","show_text_box":false,"text_box_opacity":100,"enabled_blur_effect":false,"desktop_content_alignment":"center","image_behavior":"none","if_as_main_area":false,"margin_top":0,"margin_bottom":80}},"custom_section_header_JKECtL":{"type":"custom-section-header","settings":{"heading":"Custom section title","description":"<p>Custom section description<\/p>","water_text":"","button_label":"","button_link":"","show_title_bottom_line":false,"margin_top":0,"margin_bottom":48}},"text_with_icons_CeynJc":{"type":"text-with-icons","blocks":{"icon_text_TY8FLc":{"type":"icon_text","settings":{"icon":"truck","heading":"Free Shipping","description":"<p>Add description here<\/p>"}},"icon_text_KidRn8":{"type":"icon_text","settings":{"icon":"card","heading":"Secure payment","description":"<p>Add description here<\/p>"}},"icon_text_tgewEy":{"type":"icon_text","settings":{"icon":"chat","heading":"Contact our experts","description":"<p>Add description here<\/p>"}},"icon_text_f8UaE4":{"type":"icon_text","settings":{"icon":"return","heading":"Free Returns","description":"<p>Add description here<\/p>"}}},"block_order":["icon_text_TY8FLc","icon_text_KidRn8","icon_text_tgewEy","icon_text_f8UaE4"],"settings":{"color_scheme":"background-1","columns_on_desktop":4,"item_alignment":"center","icon_size":"medium","hide_description":true,"padding_top":36,"padding_bottom":36,"margin_top":0,"margin_bottom":80}},"faq_366hHL":{"type":"faq","blocks":{"faq_item_nnVmFn":{"type":"faq_item","settings":{"question":"Enter your question here","answer":"<p>Enter the answer here<\/p>"}},"faq_item_R4gpVj":{"type":"faq_item","settings":{"question":"Enter your question here","answer":"<p>Enter the answer here<\/p>"}},"faq_item_CNFTym":{"type":"faq_item","settings":{"question":"Enter your question here","answer":"<p>Enter the answer here<\/p>"}},"faq_item_L88QEj":{"type":"faq_item","settings":{"question":"Enter your question here","answer":"<p>Enter the answer here<\/p>"}},"faq_item_KBMEjL":{"type":"faq_item","settings":{"question":"Enter your question here","answer":"<p>Enter the answer here<\/p>"}}},"block_order":["faq_item_nnVmFn","faq_item_R4gpVj","faq_item_CNFTym","faq_item_L88QEj","faq_item_KBMEjL"],"settings":{"color_scheme":"","heading":"FAQs","description":"<p>Frequently Asked Questions<\/p>","button_icon":"chat","button_label":"Chat online","button_link":"","secondary_button_icon":"phone","secondary_button_label":"Call us","secondary_button_link":"","open_first":true,"show_order_number":true,"padding_top":48,"padding_bottom":48,"margin_top":0,"margin_bottom":80}},"steps_ihjCdq":{"type":"steps","blocks":{"step_wyi94R":{"type":"step","settings":{"heading":"Heading","description":"<p>Add some description here<\/p>"}},"step_i7MVta":{"type":"step","settings":{"heading":"Heading","description":"<p>Add some description here<\/p>"}},"step_FV7LpP":{"type":"step","settings":{"heading":"Heading","description":"<p>Add some description here<\/p>"}}},"block_order":["step_wyi94R","step_i7MVta","step_FV7LpP"],"settings":{"show_section_header":true,"heading":"Step by step","description":"","water_text":"","button_label":"","button_link":"","button_arrow":true,"margin_top":0,"margin_bottom":80}},"breadcrumb":{"type":"breadcrumb","settings":{}}},"order":["breadcrumb","main","image_banner_4UXKGe","custom_section_header_JKECtL","text_with_icons_CeynJc","faq_366hHL","steps_ihjCdq"]}