{"sections":{"main":{"type":"main-product","blocks":{"image_hJEk8j":{"type":"image","disabled":true,"settings":{"image_height":"medium","link":""}},"custom_liquid_jGgURY":{"type":"custom_liquid","settings":{"custom_liquid":"{% assign base = product.metafields.custom.package_all_faded %}\n{% assign o1 = product.metafields.custom.package_overlay_jig_only %}\n{% assign o2 = product.metafields.custom.package_overlay_jig_hub %}\n{% assign o3 = product.metafields.custom.package_overlay_pro_bundle %}\n\n{% if base != blank %}\n  <div class=\"package-visual\" data-package-visual>\n    <img class=\"package-visual__base\"\n      src=\"{{ base | image_url: width: 1200 }}\"\n      alt=\"Package contents overview\"\n      loading=\"lazy\"\n    >\n\n    {% if o1 != blank %}\n      <img class=\"package-visual__overlay\"\n        data-overlay=\"jig-only\"\n        src=\"{{ o1 | image_url: width: 1200 }}\"\n        alt=\"Jig Only contents\"\n        loading=\"lazy\"\n      >\n    {% endif %}\n\n    {% if o2 != blank %}\n      <img class=\"package-visual__overlay\"\n        data-overlay=\"jig-hub\"\n        src=\"{{ o2 | image_url: width: 1200 }}\"\n        alt=\"Jig + Magnetic Hub contents\"\n        loading=\"lazy\"\n      >\n    {% endif %}\n\n    {% if o3 != blank %}\n      <img class=\"package-visual__overlay\"\n        data-overlay=\"pro-bundle\"\n        src=\"{{ o3 | image_url: width: 1200 }}\"\n        alt=\"Pro Bundle contents\"\n        loading=\"lazy\"\n      >\n    {% endif %}\n  <\/div>\n{% endif %}"}},"title":{"type":"title","settings":{"size":"large","show_rating":true,"show_total_count":true,"enable_rating_preview":false,"star_size":"small","star_color":"#010101","rating_target":"","show_vendor":true,"vendor_background":"#b500b5","vendor_foreground":"#ffffff"}},"text_3FPgEh":{"type":"text","settings":{"text":"<p>{{ product.title }}{{ product.metafields.custom.short_description | metafield_tag }} is designed for various chuck-style rotary systems. It securely holds up to 12 dog tags during laser engraving, allowing fast, repeatable, and aligned engraving results.<br\/><br\/><\/p>","limit_description_height":false}},"description":{"type":"description","disabled":true,"settings":{"enable_brief":true,"limit":60,"limit_description_height":false}},"price":{"type":"price","settings":{"show_tax":true,"show_sale_badge":true,"sale_badge_type":"percentage"}},"sku_aJTmcp":{"type":"sku","settings":{}},"84bcde1d-2766-431d-93f4-1a5d6854eced":{"type":"separator","disabled":true,"settings":{"margin_top":10,"margin_bottom":16}},"f84da6b1-d99e-479c-a024-45d5d36bcb2a":{"type":"inventory","disabled":true,"settings":{"inventory_threshold":0,"low_stock_alert":"Hurry up! Only [stock] left","full_stock_alert":"Stock Adequate！Ready to ship","show_percentage_bar":true,"low_stock_bar_color":"#e3ba29","full_stock_bar_color":"#0cb771"}},"variant_picker":{"type":"variant_picker","settings":{"picker_type":"button","auto_dropdown":true,"dropdown_threshold":20,"enable_first_swatch_image":false,"swatch_size":"medium"}},"0ae0cc1a-6798-498d-8917-c53ab72b7018":{"type":"separator","settings":{"margin_top":16,"margin_bottom":16}},"3ab3c174-b6b1-4bea-9f7e-d501b4b8d44f":{"type":"pickup-availability","disabled":true,"settings":{}},"buy_buttons":{"type":"buy_buttons","settings":{"show_quantity_selector":true,"is_selector_standalone":true,"show_dynamic_checkout":true,"show_notify_form":true,"show_mini_checkout":true,"mini_checkout_position":"top","show_gift_card_recipient":true}},"payment_security_q6Ay9w":{"type":"payment_security","settings":{"show_box":false,"color_scheme":"accent-1","description":"<p>Your payment information is processed securely.<\/p>","show_trust_badge":true,"show_payment_icons":true}},"custom_tab_7henrt":{"type":"custom_tab","repeater":"{{ product.metafields.custom.rotary_configuration.value }}","settings":{"icon":"none","image":"{{ block.repeater.rotary_image.value }}","tab_title":"{{ block.repeater.rotary_name.value }}","content":"<p>{{ block.repeater.rotary_description | metafield_tag }}<\/p>","page":"","html":""}},"custom_tab_UabbGq":{"type":"custom_tab","disabled":true,"settings":{"icon":"return","tab_title":"Shipping & Returns","content":"<p>Add some content here<\/p>","page":"","html":""}},"etsy_reviews_importer_etsy_dual_row_iqq6iA":{"type":"shopify:\/\/apps\/etsy-reviews-importer\/blocks\/etsy-dual-row\/3097aa22-461b-43b8-a321-7f2066009684","disabled":true,"settings":{"rating":true,"business_info":true,"review_photo":true,"review_card_shadow":false,"corner_radius":20,"star_color":"#f6ab00","review_card_background":"#f3f6f9","content_color":"#000000","name_color":"#000000","date_color":"#7a7a7a","more_color":"#1a73e8","business_info_color":"#000000"}}},"block_order":["image_hJEk8j","custom_liquid_jGgURY","title","text_3FPgEh","description","price","sku_aJTmcp","84bcde1d-2766-431d-93f4-1a5d6854eced","f84da6b1-d99e-479c-a024-45d5d36bcb2a","variant_picker","0ae0cc1a-6798-498d-8917-c53ab72b7018","3ab3c174-b6b1-4bea-9f7e-d501b4b8d44f","buy_buttons","payment_security_q6Ay9w","custom_tab_7henrt","custom_tab_UabbGq","etsy_reviews_importer_etsy_dual_row_iqq6iA"],"custom_css":[".product__short-description {padding-left: 0.75rem; border-left: 2px solid rgba(var(--color-foreground), 0.2); margin-top: 0.75rem;}"],"settings":{"color_scheme":"","enable_sticky_media":false,"media_layout":"thumbnail-bottom","media_size":"medium","media_ratio":"square","media_fit":"cover","media_position":"left","hide_variants":false,"enable_video_autoplay":false,"enable_video_looping":false,"hide_thumbnail_mobile":false,"show_description_tab":true,"show_description_icon":true,"enable_share":true,"social_style":"wrapper","show_category_metafields":false,"padding_top":0,"padding_bottom":0,"margin_top":0,"margin_bottom":0}},"related-products":{"type":"related-products","settings":{"show_section_header":true,"heading":"Related Products","description":"","water_text":"","products_to_show":5,"enable_desktop_slider":true,"show_nav_buttons":true,"show_dots":false,"card_size":"small","image_ratio":"square","show_content_wrapper":false,"color_scheme":"background-1","text_alignment":"center","enable_mobile_slider":false,"margin_top":0,"margin_bottom":80}},"recently_viewed_products_Eq9Qdm":{"type":"recently-viewed-products","settings":{"show_section_header":true,"heading":"Recently viewed","description":"","water_text":"","products_to_show":5,"enable_desktop_slider":true,"show_nav_buttons":true,"show_dots":false,"card_size":"small","image_ratio":"square","show_content_wrapper":false,"color_scheme":"","text_alignment":"left","enable_mobile_slider":true,"margin_top":0,"margin_bottom":80}},"search_banner_eDCEg7":{"type":"search-banner","disabled":true,"settings":{"enable_full_width":true,"color_scheme":"","texture_alpha":90,"heading":"Didn't find the product you were looking for?","margin_top":0,"margin_bottom":0}},"176917643492193885":{"type":"apps","blocks":{"judge_me_reviews_review_widget_aYekVp":{"type":"shopify:\/\/apps\/judge-me-reviews\/blocks\/review_widget\/61ccd3b1-a9f2-4160-9fe9-4fec8413e5d8","disabled":true,"settings":{"review_data":"sample_data","max_width":1200,"show_shop_reviews":false,"empty_state":"empty_widget"}}},"block_order":["judge_me_reviews_review_widget_aYekVp"],"settings":{"include_margins":true,"padding_top":36,"padding_bottom":36,"margin_top":0,"margin_bottom":80}},"1769196564deac5d8e":{"type":"apps","settings":{"include_margins":true,"padding_top":36,"padding_bottom":36,"margin_top":0,"margin_bottom":80}}},"order":["main","related-products","recently_viewed_products_Eq9Qdm","search_banner_eDCEg7","176917643492193885","1769196564deac5d8e"]}