{"current":{"enable_rtl":true,"enable_page_full_width":true,"page_width":1600,"small_corner_radius":"large","type_header_font":"crimson_text_n4","header_font_spacing":"standard","type_body_font":"inter_n4","body_font_spacing":"standard","type_decorative_font":"unifraktur_maguntia_n4","decorative_font_spacing":"wide","enable_breadcrumb":false,"animations_reveal_on_scroll":true,"animations_enable_image_lazy_loading":true,"section_title_size":"large","section_title_uppercase":false,"section_title_decorative":false,"section_show_title_bottom_line":false,"section_button_arrow":false,"card_truncate_title":false,"card_enable_quick_add":true,"card_quick_add_icon":"bag","card_media_padding":0,"card_media_background_alpha":10,"card_hover_show_secondary_image":true,"card_hover_effect":"fade","card_enable_color_swatch":true,"card_color_swatch_type":"color","card_show_rating":true,"gift_badge_background":"#b500b5","gift_badge_foreground":"#ffffff","new_label_basis":"tag","limit_edition_badge_tag":"Limit-Edition","social_facebook_link":"","social_instagram_link":"","social_youtube_link":"","social_tiktok_link":"","social_twitter_link":"","social_snapchat_link":"","social_pinterest_link":"","social_tumblr_link":"","social_vimeo_link":"","social_linkedin_link":"","social_whatsapp_link":"","social_reddit_link":"","search_popular_keywords":"T-shirts, Jackets, Shoes, Bags, Accessories","cart_bubble_style":"frame","cart_type":"page","cart_gift_wrapping_product":"","free_shipping_threshold":100,"no_free_text_color":"#ffffff","no_free_bar_color":"#FFD600","free_text_color":"#ffffff","content_for_index":[],"blocks":{"7086640959720015946":{"type":"shopify:\/\/apps\/etsy-reviews-importer\/blocks\/app-embed-block\/3097aa22-461b-43b8-a321-7f2066009684","disabled":false,"settings":{}},"14060646107696862457":{"type":"shopify:\/\/apps\/judge-me-reviews\/blocks\/judgeme_core\/61ccd3b1-a9f2-4160-9fe9-4fec8413e5d8","disabled":false,"settings":{}},"11369704496446426329":{"type":"shopify:\/\/apps\/etsy-reviews-importer\/blocks\/floating-review-slider-embed\/3097aa22-461b-43b8-a321-7f2066009684","disabled":false,"settings":{"position":"bottom","alignment":"right"}},"3720565183479497137":{"type":"shopify:\/\/apps\/globo-product-options\/blocks\/app-embed-block\/fdc9fad5-1a0f-4bd4-9c8a-1af6a6eef6b8","disabled":false,"settings":{}}},"color_schemes":{"background-1":{"settings":{"background":"#242833","background_gradient":"","text":"#ffffff","sale_price":"#ba2519","button":"#b500b5","button_label":"#ffffff","secondary_button_label":"#ffffff"}},"background-2":{"settings":{"background":"#303441","background_gradient":"","text":"#fcfcfc","sale_price":"#ba2519","button":"#b500b5","button_label":"#fcfcfc","secondary_button_label":"#b500b5"}},"inverse":{"settings":{"background":"#a629af","background_gradient":"linear-gradient(54deg, rgba(166, 41, 175, 1) 12%, rgba(68, 0, 246, 1) 84%)","text":"#ffffff","sale_price":"#ba2519","button":"#ffffff","button_label":"#000000","secondary_button_label":"#ffffff"}},"accent-1":{"settings":{"background":"#000000","background_gradient":"","text":"#ffffff","sale_price":"#ba2519","button":"#ffffff","button_label":"#000000","secondary_button_label":"#ffffff"}},"accent-2":{"settings":{"background":"#242833","background_gradient":"","text":"#ffffff","sale_price":"#ba2519","button":"#ffffff","button_label":"#242833","secondary_button_label":"#ffffff"}},"scheme-c86fcca1-7bc6-4486-8583-3673b46eb672":{"settings":{"background":"#242833","background_gradient":"","text":"#ffffff","sale_price":"#ba2519","button":"#1d50de","button_label":"#ffffff","secondary_button_label":"#ffffff"}}}},"presets":{"Ascent":{"page_width":1600,"small_corner_radius":"small","type_header_font":"quantico_n7","header_font_spacing":"standard","type_body_font":"inter_n4","body_font_spacing":"standard","type_decorative_font":"unifraktur_maguntia_n4","decorative_font_spacing":"wide","animations_reveal_on_scroll":true,"animations_enable_image_lazy_loading":true,"lazy_loading_animation":"pixel","section_title_size":"large","section_title_uppercase":true,"section_show_title_bottom_line":false,"card_truncate_title":true,"card_quick_add_icon":"eye","card_media_padding":0,"card_media_background_alpha":10,"card_hover_effect":"fade","card_color_swatch_type":"image","sale_badge_background":"#FF0000","sale_badge_foreground":"#ffffff","gift_badge_background":"#b500b5","gift_badge_foreground":"#ffffff","new_label_basis":"tag","limit_edition_badge_tag":"Limit-Edition","enable_custom_badge":false,"social_facebook_link":"","social_instagram_link":"","social_youtube_link":"","social_tiktok_link":"","social_twitter_link":"","social_snapchat_link":"","social_pinterest_link":"","social_tumblr_link":"","social_vimeo_link":"","social_linkedin_link":"","social_whatsapp_link":"","social_reddit_link":"","search_popular_keywords":"Keyboard, Mouse, Headset, VR, Wireless, Mechanical, RGB, Ergonomic","cart_bubble_style":"frame","cart_gift_wrapping_product":"","free_shipping_threshold":100,"no_free_text_color":"#ffffff","no_free_bar_color":"#ffd600","free_text_color":"#ffffff","favicon":"","content_for_index":[],"color_schemes":{"background-1":{"settings":{"background":"#242833","background_gradient":"","text":"#ffffff","sale_price":"#FFFFFF","button":"#b500b5","button_label":"#ffffff","secondary_button_label":"#ffffff"}},"background-2":{"settings":{"background":"#303441","background_gradient":"","text":"#fcfcfc","sale_price":"#FFFFFF","button":"#b500b5","button_label":"#fcfcfc","secondary_button_label":"#ffffff"}},"inverse":{"settings":{"background":"#000000","background_gradient":"linear-gradient(54deg, rgba(166, 41, 175, 1) 12%, rgba(68, 0, 246, 1) 84%)","text":"#ffffff","sale_price":"#FFFFFF","button":"#ffffff","button_label":"#000000","secondary_button_label":"#ffffff"}},"accent-1":{"settings":{"background":"#000000","background_gradient":"","text":"#ffffff","sale_price":"#FFFFFF","button":"#ffffff","button_label":"#000000","secondary_button_label":"#ffffff"}},"accent-2":{"settings":{"background":"#242833","background_gradient":"","text":"#ffffff","sale_price":"#FFFFFF","button":"#ffffff","button_label":"#242833","secondary_button_label":"#ffffff"}}}},"Elevated":{"page_width":1600,"small_corner_radius":"medium","main_color_scheme":"background-1","type_header_font":"inter_n7","type_body_font":"inter_n4","type_decorative_font":"pacifico_n4","decorative_font_spacing":"wide","animations_enable_image_lazy_loading":true,"lazy_loading_animation":"breathing","section_title_size":"medium","section_title_uppercase":false,"section_show_title_bottom_line":false,"card_quick_add_icon":"bag","card_media_padding":0,"card_hover_effect":"fade","card_color_swatch_type":"color","card_star_size":"small","card_rating_show_score":true,"enable_rating_preview":false,"sale_badge_background":"#FF0000","sale_badge_foreground":"#ffffff","gift_badge_background":"#b500b5","gift_badge_foreground":"#ffffff","new_label_basis":"tag","enable_custom_badge":false,"custom_badge_background":"#FFFFFF","custom_badge_foreground":"#242833","social_facebook_link":"","social_instagram_link":"","social_youtube_link":"","social_tiktok_link":"","social_twitter_link":"","social_snapchat_link":"","social_pinterest_link":"","social_tumblr_link":"","social_vimeo_link":"","social_linkedin_link":"","social_whatsapp_link":"","social_reddit_link":"","predictive_search_enabled":true,"search_popular_keywords":"Racquets, Shoes, Balls, Apparel, Tennis Bags, Overgrips, Tennis Strings, Wristbands, Headbands","cart_bubble_style":"bag","cart_gift_wrapping_product":"gift-wrapping","favicon":"","content_for_index":[],"color_schemes":{"background-1":{"settings":{"background":"#ffffff","background_gradient":"","text":"#242833","sale_price":"#ba2519","button":"#242833","button_label":"#ffffff","secondary_button_label":"#242833"}},"background-2":{"settings":{"background":"#f6f6f6","background_gradient":"","text":"#121212","sale_price":"#FF0000","button":"#121212","button_label":"#ffffff","secondary_button_label":"#121212"}},"inverse":{"settings":{"background":"#242833","background_gradient":"","text":"#ffffff","sale_price":"#FF0000","button":"#ffd600","button_label":"#000000","secondary_button_label":"#ffffff"}},"accent-1":{"settings":{"background":"#eef0fd","background_gradient":"","text":"#242833","sale_price":"#FF0000","button":"#242833","button_label":"#ffffff","secondary_button_label":"#242833"}},"accent-2":{"settings":{"background":"#242833","background_gradient":"","text":"#ffffff","sale_price":"#FF0000","button":"#ffffff","button_label":"#242833","secondary_button_label":"#ffffff"}}}},"Joyfy":{"page_width":1400,"small_corner_radius":"large","type_header_font":"nunito_n9","type_body_font":"fira_sans_n4","type_decorative_font":"lobster_two_n4","decorative_font_spacing":"wide","animations_reveal_on_scroll":true,"animations_enable_image_lazy_loading":false,"section_title_uppercase":false,"section_show_title_bottom_line":false,"card_quick_add_icon":"cart","card_media_padding":0,"card_hover_effect":"push","sale_badge_background":"#FF0000","sale_badge_foreground":"#ffffff","new_label_basis":"tag","new_badge_tag":"New","limit_edition_badge_tag":"Limit-Edition","social_facebook_link":"","social_instagram_link":"","social_youtube_link":"","social_tiktok_link":"","social_twitter_link":"","social_snapchat_link":"","social_pinterest_link":"","social_tumblr_link":"","social_vimeo_link":"","social_linkedin_link":"","social_whatsapp_link":"","social_reddit_link":"","predictive_search_enabled":true,"search_popular_keywords":"Blocks, Puzzles, Ride-Ons, Playhouses, Bath Toys","cart_bubble_style":"cart","cart_gift_wrapping_product":"gift-wrapping-service","favicon":"","content_for_index":[],"color_schemes":{"background-1":{"settings":{"background":"#fffcea","background_gradient":"","text":"#121212","sale_price":"#ff0000","button":"#ff0000","button_label":"#ffffff","secondary_button_label":"#ff0000"}},"background-2":{"settings":{"background":"#ffd600","background_gradient":"","text":"#121212","sale_price":"#BA2519","button":"#334fb4","button_label":"#ffffff","secondary_button_label":"#121212"}},"inverse":{"settings":{"background":"#242833","background_gradient":"","text":"#ffffff","sale_price":"#BA2519","button":"#e73737","button_label":"#ffffff","secondary_button_label":"#ffffff"}},"accent-1":{"settings":{"background":"#effffa","background_gradient":"","text":"#242833","sale_price":"#BA2519","button":"#242833","button_label":"#ffffff","secondary_button_label":"#242833"}},"accent-2":{"settings":{"background":"#fff4b9","background_gradient":"","text":"#000000","sale_price":"#BA2519","button":"#ff7400","button_label":"#ffffff","secondary_button_label":"#000000"}}}},"Livique":{"page_width":1550,"small_corner_radius":"medium","main_color_scheme":"background-1","color_warning":"#FFD600","type_header_font":"bricolage_grotesque_n4","header_font_spacing":"loose","type_body_font":"inter_n3","body_font_spacing":"standard","type_decorative_font":"pinyon_script_n4","decorative_font_spacing":"wide","animations_reveal_on_scroll":true,"animations_enable_image_lazy_loading":true,"lazy_loading_animation":"breathing","section_alignment":"center","section_title_size":"medium","section_title_uppercase":false,"section_title_decorative":false,"section_show_title_bottom_line":false,"card_truncate_title":true,"card_quick_add_icon":"cart","card_media_fit":"cover","card_media_padding":0,"card_media_background_alpha":0,"card_hover_effect":"fade","card_color_swatch_type":"color","sale_badge_type":"text","sale_badge_background":"#5cb85c","sale_badge_foreground":"#ffffff","gift_badge_background":"#1d4a45","gift_badge_foreground":"#ffffff","new_label_basis":"tag","new_badge_tag":"New","new_badge_background":"#ff7043","new_badge_foreground":"#ffffff","preorder_badge_background":"#6e331a","preorder_badge_foreground":"#ffffff","enable_limit_edition_badge":false,"limit_edition_badge_tag":"Limit-Edition","enable_custom_badge":true,"custom_badge_background":"#2d6a4f","custom_badge_foreground":"#ffffff","social_facebook_link":"","social_instagram_link":"","social_youtube_link":"","social_tiktok_link":"","social_twitter_link":"","social_snapchat_link":"","social_pinterest_link":"","social_tumblr_link":"","social_vimeo_link":"","social_linkedin_link":"","social_whatsapp_link":"","social_reddit_link":"","search_popular_keywords":"Cup,Tableware,BowI,Plate,Decorative item,Desktop ornament,Modern-style vase,Retro vase,Tableware set,Scented candle","cart_bubble_style":"cart","cart_gift_wrapping_product":"","free_shipping_threshold":100,"no_free_text_color":"#000000","no_free_bar_color":"#ffad00","free_text_color":"#ff7043","free_bar_color":"#0CB771","favicon":"shopify:\/\/shop_images\/1_2a07360d-1cc4-4817-9708-c3de6bb11724.png","content_for_index":[],"color_schemes":{"background-1":{"settings":{"background":"#f9f6ee","background_gradient":"","text":"#332727","sale_price":"#de5700","button":"#ffa964","button_label":"#ffffff","secondary_button_label":"#53b053"}},"background-2":{"settings":{"background":"#d6dec9","background_gradient":"","text":"#332727","sale_price":"#aa0001","button":"#ffa964","button_label":"#ffffff","secondary_button_label":"#53b053"}},"inverse":{"settings":{"background":"#ffffff","background_gradient":"","text":"#000000","sale_price":"#ffffff","button":"#ffffff","button_label":"#262626","secondary_button_label":"#ffffff"}},"accent-1":{"settings":{"background":"#333333","background_gradient":"","text":"#ffffff","sale_price":"#aa0001","button":"#ffa964","button_label":"#ffffff","secondary_button_label":"#000000"}},"accent-2":{"settings":{"background":"#ebdad3","background_gradient":"","text":"#2d2920","sale_price":"#aa0001","button":"#3f322d","button_label":"#f6f1e1","secondary_button_label":"#59421e"}}}},"Snout":{"enable_page_full_width":false,"page_width":1550,"small_corner_radius":"large","color_error":"#ff4c4c","color_warning":"#ffb800","type_header_font":"quicksand_n7","header_font_spacing":"standard","type_body_font":"work_sans_n4","body_font_spacing":"standard","type_decorative_font":"pacifico_n4","decorative_font_spacing":"loose","animations_reveal_on_scroll":true,"animations_enable_image_lazy_loading":true,"lazy_loading_animation":"breathing","section_title_size":"medium","section_title_uppercase":false,"section_title_decorative":false,"section_show_title_bottom_line":false,"card_truncate_title":true,"card_enable_quick_add":true,"card_quick_add_icon":"cart","card_media_padding":0,"card_media_background_alpha":0,"card_hover_effect":"fade","card_color_swatch_type":"image","card_show_rating":false,"card_rating_show_score":false,"enable_rating_preview":true,"sale_badge_type":"text","sale_badge_background":"#f25be6","sale_badge_foreground":"#fdfdfd","gift_badge_background":"#b500b5","gift_badge_foreground":"#ffffff","enable_new_badge":true,"new_label_basis":"tag","new_badge_tag":"New","new_product_days":"7","new_badge_background":"#c75aff","new_badge_foreground":"#ffffff","limit_edition_badge_tag":"Limit-Edition","enable_custom_badge":true,"custom_badge_background":"#ffffff","social_facebook_link":"","social_instagram_link":"","social_youtube_link":"","social_tiktok_link":"","social_twitter_link":"","social_snapchat_link":"","social_pinterest_link":"","social_tumblr_link":"","social_vimeo_link":"","social_linkedin_link":"","social_whatsapp_link":"","social_reddit_link":"","search_popular_keywords":"Pet Toys, Chew, Climb, Plush, Rope, Daily Care, Feeders, Beds, Clothes, Grooming, Pet Travel, Carriers, Leads, Collars, Harnesses","cart_bubble_style":"cart","cart_type":"drawer","cart_show_vendor":true,"cart_gift_wrapping_product":"","enable_cart_shipping_estimate":true,"free_shipping_threshold":100,"no_free_text_color":"#5c4033","no_free_bar_color":"#fe54a1","free_text_color":"#fe54a1","free_bar_color":"#4caf50","favicon":"","enable_browser_tab_title_flash":false,"content_for_index":[],"color_schemes":{"background-1":{"settings":{"background":"#ffffff","background_gradient":"","text":"#2a004f","sale_price":"#6c0e9d","button":"#fe54a1","button_label":"#ffffff","secondary_button_label":"#b841e5"}},"background-2":{"settings":{"background":"#faf1ec","background_gradient":"","text":"#2a004f","sale_price":"#f79993","button":"#fe54a1","button_label":"#fdfbf7","secondary_button_label":"#b841e5"}},"inverse":{"settings":{"background":"#fa7a87","background_gradient":"","text":"#fdfbf7","sale_price":"#ff7a00","button":"#f77e77","button_label":"#ffffff","secondary_button_label":"#a0522d"}},"accent-1":{"settings":{"background":"#f8f5fb","background_gradient":"","text":"#2a004f","sale_price":"#ff7a28","button":"#b841e5","button_label":"#ffffff","secondary_button_label":"#fe54a1"}},"accent-2":{"settings":{"background":"#523e77","background_gradient":"","text":"#ffffff","sale_price":"#ff7a28","button":"#fe54a1","button_label":"#ffffff","secondary_button_label":"#b841e5"}}}}},"platform_customizations":{"custom_css":[".package-visual {position: relative; margin-top: 1rem; border-radius: var(--medium-radius); overflow: hidden;}",".package-visual__base,.package-visual__overlay {width: 100%; display: block;}",".package-visual__overlay {position: absolute; inset: 0; opacity: 0; transition: opacity 0.2s ease; pointer-events: none;}",".package-visual__overlay.is-active {opacity: 1;}"]}}