{"name":"t:sections.drawer.name","type":"custom.drawer","sections":{"search-drawer":{"type":"search-drawer","disabled":true,"settings":{"color_scheme":"","show_recommended_products":true,"recommended_type":"auto","recommended_product_limit":5,"product_list":[]}},"cart-drawer":{"type":"cart-drawer","disabled":true,"settings":{"color_scheme":"","show_recommended_products":true,"recommended_type":"auto","recommended_product_limit":5,"product_list":[],"show_complementary_products":true,"complementary_product_limit":5}},"localization-drawer":{"type":"localization-drawer","settings":{"color_scheme":"","show_filter":true,"show_regions":true,"show_languages":true}},"quick-add-drawer":{"type":"quick-add-drawer","settings":{"color_scheme":"","product":""}}},"order":["search-drawer","cart-drawer","localization-drawer","quick-add-drawer"]}