{"name":"t:sections.footer.name","type":"footer","sections":{"1769213078c8bd409c":{"type":"apps","settings":{"include_margins":true,"padding_top":36,"padding_bottom":36,"margin_top":0,"margin_bottom":80}},"footer":{"type":"footer","blocks":{"social_dMcmHH":{"type":"social","settings":{"social_style":"border","padding_left":0}},"image_yGNPiC":{"type":"image","settings":{"image_width":"medium","padding_left":0}},"menu_rCqbie":{"type":"menu","settings":{"heading":"Quick links","menu":"footer","padding_left":0,"default_expand":false}},"menu_ma4iBB":{"type":"menu","settings":{"heading":"Quick links","menu":"footer","padding_left":0,"default_expand":false}},"menu_m9CRkM":{"type":"menu","settings":{"heading":"Quick links","menu":"footer","padding_left":0,"default_expand":false}},"brand_8YQLMi":{"type":"brand","settings":{"heading":"About our brand","image_width":"medium","email":"support@example.com","phone":"(000) 123-4567","introduction":"<p>Introduce your brand information<\/p>","apple_download_link":"","android_download_link":"","show_social":false,"social_style":"border","padding_left":0}}},"block_order":["social_dMcmHH","image_yGNPiC","menu_rCqbie","menu_ma4iBB","menu_m9CRkM","brand_8YQLMi"],"disabled":true,"settings":{"color_scheme":"accent-1","show_border_top":false,"heading_uppercase":false,"background_alpha":20,"enable_background_fixed":false,"enable_follow_on_shop":true,"show_trust_badge":false,"enable_localization_selector":true,"show_localization_flag":false,"payment_enable":true,"show_policy":true,"margin_top":0}},"tool-bar":{"type":"tool-bar","blocks":{"global_bkRRqE":{"type":"global","settings":{"show_localization_flag":false}},"search_gn7yeC":{"type":"search","settings":{}},"email_UbLWHL":{"type":"email","disabled":true,"settings":{"email":"support@example.com"}},"phone_jHmacd":{"type":"phone","disabled":true,"settings":{"phone":"(415) 555-1234"}},"newsletter_rPQFwh":{"type":"newsletter","settings":{"icon":"gift"}}},"block_order":["global_bkRRqE","search_gn7yeC","email_UbLWHL","phone_jHmacd","newsletter_rPQFwh"],"disabled":true,"settings":{"color_scheme":"accent-1","position":"left","hide_mobile":false}}},"order":["1769213078c8bd409c","footer","tool-bar"]}