{"name":"t:sections.header.name","type":"header","sections":{"announcement_bar_ELtzAV":{"type":"announcement-bar","blocks":{"announcement_8cXtH6":{"type":"announcement","settings":{"content":"Laser Things jig shop","link":""}},"announcement_h9Ez6z":{"type":"announcement","settings":{"content":"Welcome to our store","link":""}},"announcement_nfAWrK":{"type":"announcement","settings":{"content":"Welcome to our store","link":""}},"link_iDUt7h":{"type":"link","settings":{"text":"Faqs","link":"shopify:\/\/pages\/about-us"}},"link_9fKtLL":{"type":"link","settings":{"text":"Contact us","link":"shopify:\/\/pages\/contact"}}},"block_order":["announcement_8cXtH6","announcement_h9Ez6z","announcement_nfAWrK","link_iDUt7h","link_9fKtLL"],"disabled":true,"settings":{"color_scheme":"accent-1","auto_rotate":true,"change_slides_speed":5,"show_social":true,"social_style":"wrapper"}},"header":{"type":"header","blocks":{"bubble_UE86QT":{"type":"bubble","disabled":true,"settings":{"target_id":1,"icon":"none","text":"hot","background_color":"#000000","foreground_color":"#ffffff"}},"bubble_7XFqdd":{"type":"bubble","disabled":true,"settings":{"target_id":1,"icon":"none","text":"resources","background_color":"#ff0000","foreground_color":"#ffffff"}}},"block_order":["bubble_UE86QT","bubble_7XFqdd"],"custom_css":[],"name":"header","settings":{"color_scheme":"accent-1","logo":"shopify:\/\/shop_images\/file_000000002e4c71f5babbf3085c70b345.png","logo_width":300,"logo_position":"left-center","menu":"main-menu","enable_first_level_uppercase":true,"menu_type_desktop":"drawer","enable_hover_open":true,"enable_transparent_header":false,"transparent_foreground_color":"#ffffff","hide_transparent_border":false,"phone":"","show_phone_on_desktop":true,"show_phone_on_mobile":true,"sticky_header_type":"always","enable_localization_selector":true,"show_localization_flag":false,"logo_width_mobile":180,"logo_position_mobile":"left","enable_float_search_mobile":false}},"lt316_hero_EkNqLH":{"type":"lt316-hero","custom_css":[],"name":"LT316 - Hero","settings":{"kicker":"Laser Things 316","heading":"Precision Jigs & Laser-Ready Tools That Just Work","subheading":"Dial in your workflow with purpose-built jigs, hubs, and accessories—designed for repeatable results.","primary_label":"Shop Rotary jigs","primary_link":"shopify:\/\/collections\/rotary-jigs","secondary_label":"Browse All Products","secondary_link":"shopify:\/\/collections","image":"shopify:\/\/shop_images\/file_00000000cae0720ca1a8fe990a2a7f39.png","image_alt":"Laser Things 316 jigs and accessories","badge_1":"Fast shipping","badge_2":"Shop-built, field tested","badge_3":"Support if you get stuck"}},"blocks_FqGfeY":{"type":"_blocks","blocks":{"ai_gen_block_6103ab7_XMwjmA":{"type":"ai_gen_block_6103ab7","settings":{"background_image":"shopify:\/\/shop_images\/ChatGPT_Image_Feb_12_2026_11_06_25_AM.png","overlay_color":"#000000","overlay_opacity":40,"heading":"Welcome to LT316","heading_size":36,"subheading":"Discover our latest collection","subheading_size":18,"text_alignment":"left","text_color":"#ffffff","content_max_width":400,"button_text":"Shop now","button_link":"","button_font_size":14,"button_border_radius":4,"button_background_color":"#b500b5","button_text_color":"#ffffff","button_hover_background_color":"#a629af","button_hover_text_color":"#ffffff","section_height_desktop":500,"section_height_mobile":350},"blocks":{}}},"block_order":["ai_gen_block_6103ab7_XMwjmA"],"disabled":true,"name":"Hero section","settings":{"enable_full_width":true,"padding_top":40,"padding_bottom":52,"margin_top":0,"margin_bottom":88}},"blocks_hHKBDW":{"type":"_blocks","blocks":{"ai_gen_block_28208e4_44MHA9":{"type":"ai_gen_block_28208e4","settings":{"background_image":"shopify:\/\/shop_images\/ChatGPT_Image_Feb_12_2026_11_06_25_AM_c176ff60-d336-4773-92ac-35721aa6dc8d.png","hero_height":550,"mobile_hero_height":450,"show_overlay":true,"overlay_color":"#000000","overlay_opacity":50,"content_padding_left":80,"content_padding_right":50,"content_padding_vertical":60,"content_max_width":600,"mobile_padding_horizontal":20,"mobile_padding_vertical":40,"text_alignment":"left","mobile_text_alignment":"left","content_spacing":20,"heading":"Precision Jigs & Laser-Ready Tools That Just Work","heading_size":56,"mobile_heading_size":36,"heading_color":"#ffffff","heading_weight":"700","subheading":"Dial in your workflow with purpose-built jigs, hubs, and accessories—designed for repeatable results.","subheading_size":20,"mobile_subheading_size":16,"subheading_color":"#ffffff","text":"<p>Shop the newest styles and trends<\/p>","text_size":16,"mobile_text_size":14,"text_color":"#ffffff","text_max_width":600,"primary_btn_text":"Shop Rotary jigs","primary_button_link":"shopify:\/\/collections\/rotary-jigs","primary_button_bg":"#b500b5","primary_button_text_color":"#ffffff","primary_button_hover_bg":"#9400a0","primary_button_hover_text":"#ffffff","secondary_btn_text":"Learn more","secondary_button_link":"","secondary_button_bg":"rgba(0,0,0,0)","secondary_button_text_color":"#ffffff","secondary_button_border":"#ffffff","secondary_button_hover_bg":"#ffffff","secondary_button_hover_text":"#000000","secondary_button_hover_border":"#ffffff","button_padding_vertical":14,"button_padding_horizontal":32,"button_text_size":16,"button_border_radius":4,"button_spacing":12},"blocks":{}}},"block_order":["ai_gen_block_28208e4_44MHA9"],"name":"Hero section","settings":{"enable_full_width":true,"padding_top":40,"padding_bottom":52,"margin_top":0,"margin_bottom":88}}},"order":["announcement_bar_ELtzAV","header","lt316_hero_EkNqLH","blocks_FqGfeY","blocks_hHKBDW"]}